City_ID,City,Country,Date,Lat,Lng,Max Temp,Humidity,Cloudiness,Wind Speed
0,Okha,RU,2021-08-05 01:24:05,53.5739,142.9478,55.62,84,100,15.28
1,Rikitea,PF,2021-08-05 01:23:10,-23.1203,-134.9692,72.86,71,10,17.02
2,Punta Arenas,CL,2021-08-05 01:20:16,-53.15,-70.9167,44.71,76,0,9.22
3,Thompson,CA,2021-08-05 01:23:21,55.7435,-97.8558,59.16,55,75,6.91
4,Jamestown,US,2021-08-05 01:20:20,42.097,-79.2353,71.24,61,40,1.01
5,Barrow,US,2021-08-05 01:23:40,71.2906,-156.7887,55.42,67,1,13.8
6,Mataura,NZ,2021-08-05 01:23:20,-46.1927,168.8643,48.47,72,100,5.57
7,Nikolskoye,RU,2021-08-05 01:23:16,59.7035,30.7861,53.8,76,41,3.09
8,Dudinka,RU,2021-08-05 01:24:23,69.4058,86.1778,70.88,57,63,3.76
9,Busselton,AU,2021-08-05 01:23:17,-33.65,115.3333,54.05,77,0,6.78
10,Avarua,CK,2021-08-05 01:23:08,-21.2078,-159.775,75.25,78,20,9.22
11,Arraial Do Cabo,BR,2021-08-05 01:23:46,-22.9661,-42.0278,66.94,75,19,7.29
12,Dikson,RU,2021-08-05 01:23:19,73.5069,80.5464,44.76,92,19,3.15
13,Venezuela,VE,2021-08-05 01:24:23,8.0,-66.0,75.33,85,51,9.51
14,Mayo,US,2021-08-05 01:24:24,38.8876,-76.5119,75.38,76,1,4.0
15,Saint-Philippe,RE,2021-08-05 01:24:24,-21.3585,55.7679,65.75,79,88,15.03
16,Mogadishu,SO,2021-08-05 01:24:24,2.0371,45.3438,75.96,83,78,18.1
17,Ushuaia,AR,2021-08-05 01:21:03,-54.8,-68.3,47.86,66,40,4.61
18,Hobart,AU,2021-08-05 01:23:10,-42.8794,147.3294,55.26,65,75,3.0
19,Kasongo-Lunda,CD,2021-08-05 01:24:25,-6.4667,16.8167,68.74,36,0,1.39
20,Cape Town,ZA,2021-08-05 01:20:45,-33.9258,18.4232,58.87,93,75,3.0
21,Martin,US,2021-08-05 01:24:25,27.0837,-80.4164,80.55,93,100,5.14
22,Vaini,TO,2021-08-05 01:23:30,-21.2,-175.2,73.56,78,20,8.05
23,Savannah Bight,HN,2021-08-05 01:24:26,16.45,-85.85,82.99,82,36,23.51
24,Selenginsk,RU,2021-08-05 01:24:26,52.0064,106.8647,63.01,63,5,2.89
25,Atuona,PF,2021-08-05 01:23:36,-9.8,-139.0333,77.76,65,2,9.75
26,Serebryansk,KZ,2021-08-05 01:24:26,49.6925,83.2892,62.15,59,38,3.33
27,Praia,CV,2021-08-05 01:24:27,14.9215,-23.5087,78.48,88,100,4.79
28,Gamboma,CG,2021-08-05 01:24:27,-1.8764,15.8644,73.17,48,5,4.29
29,Bluff,NZ,2021-08-05 01:23:18,-46.6,168.3333,48.79,66,100,6.04
30,Ceres,US,2021-08-05 01:24:27,37.5949,-120.9577,100.56,24,1,14.97
31,San Cristobal,VE,2021-08-05 01:24:28,7.7669,-72.225,75.38,97,98,4.07
32,Olga,RU,2021-08-05 01:24:28,43.7444,135.2892,84.81,59,100,3.53
33,Dali,CN,2021-08-05 01:24:28,25.7,100.1833,69.39,71,0,0.63
34,Port Moresby,PG,2021-08-05 01:24:28,-9.4431,147.1797,80.02,78,75,11.5
35,Puerto Ayora,EC,2021-08-05 01:23:11,-0.7393,-90.3518,71.55,84,46,5.99
36,Port Alfred,ZA,2021-08-05 01:23:58,-33.5906,26.891,63.32,88,92,9.17
37,Carroll,US,2021-08-05 01:24:11,39.5501,-77.0164,72.45,79,8,6.11
38,Deqing,CN,2021-08-05 01:24:29,30.5448,119.9599,84.16,79,68,9.15
39,Kodiak,US,2021-08-05 01:23:23,57.79,-152.4072,62.11,72,90,5.75
40,Togur,RU,2021-08-05 01:24:30,58.3631,82.8265,60.24,95,100,4.5
41,Ancud,CL,2021-08-05 01:24:30,-41.8697,-73.8203,51.42,89,100,7.87
42,Hilo,US,2021-08-05 01:22:04,19.7297,-155.09,80.33,69,75,8.05
43,Chokurdakh,RU,2021-08-05 01:23:29,70.6333,147.9167,47.93,57,100,16.67
44,Sao Jose Da Coroa Grande,BR,2021-08-05 01:24:30,-8.8978,-35.1478,72.25,90,70,10.2
45,Butaritari,KI,2021-08-05 01:24:09,3.0707,172.7902,82.67,65,6,7.67
46,College,US,2021-08-05 01:21:11,64.8569,-147.8028,82.58,40,40,6.91
47,Vilhena,BR,2021-08-05 01:24:31,-12.7406,-60.1458,68.63,48,5,1.92
48,Tautira,PF,2021-08-05 01:24:31,-17.7333,-149.15,82.42,75,13,15.35
49,Talca,CL,2021-08-05 01:24:32,-35.4333,-71.6667,46.11,92,11,5.35
50,Inirida,CO,2021-08-05 01:24:32,3.8653,-67.9239,70.03,99,100,1.72
51,Saint-Pierre,RE,2021-08-05 01:24:03,-21.3393,55.4781,65.84,59,0,11.5
52,Esperance,AU,2021-08-05 01:23:50,-33.8667,121.9,53.96,79,0,7.67
53,Asau,RO,2021-08-05 01:24:32,46.4333,26.4,65.32,93,48,4.85
54,East London,ZA,2021-08-05 01:20:15,-33.0153,27.9116,65.37,85,99,7.14
55,Tuktoyaktuk,CA,2021-08-05 01:23:44,69.4541,-133.0374,62.6,42,40,11.5
56,Kasamwa,TZ,2021-08-05 01:24:33,-2.85,32.4333,66.63,61,0,6.55
57,Saskylakh,RU,2021-08-05 01:23:15,71.9167,114.0833,61.68,35,26,13.18
58,Hermanus,ZA,2021-08-05 01:23:47,-34.4187,19.2345,52.9,94,24,6.82
59,Kruisfontein,ZA,2021-08-05 01:24:33,-34.0033,24.7314,57.88,96,97,6.67
60,Ginir,ET,2021-08-05 01:24:34,7.1333,40.7,58.46,71,35,12.41
61,Airai,TL,2021-08-05 01:23:27,-8.9266,125.4092,69.58,54,13,5.91
62,Kapaa,US,2021-08-05 01:23:36,22.0752,-159.319,84.52,74,40,7.0
63,Bredasdorp,ZA,2021-08-05 01:23:29,-34.5322,20.0403,56.52,88,18,2.3
64,Samarai,PG,2021-08-05 01:23:11,-10.6167,150.6667,78.57,78,94,15.93
65,Cidreira,BR,2021-08-05 01:24:34,-30.1811,-50.2056,59.09,95,100,10.6
66,Te Anau,NZ,2021-08-05 01:24:35,-45.4167,167.7167,45.82,71,100,1.25
67,Poya,NC,2021-08-05 01:24:35,-21.35,165.15,76.93,53,78,9.89
68,Buin,CL,2021-08-05 01:24:36,-33.7333,-70.75,62.74,70,0,2.39
69,Wasilla,US,2021-08-05 01:24:36,61.5814,-149.4394,70.84,66,90,0.0
70,Fagundes,BR,2021-08-05 01:24:36,-7.355,-35.775,68.4,83,75,4.61
71,New Norfolk,AU,2021-08-05 01:23:24,-42.7826,147.0587,54.9,46,100,5.23
72,Talnakh,RU,2021-08-05 01:24:37,69.4865,88.3972,74.12,49,6,3.42
73,Albany,US,2021-08-05 01:20:16,42.6001,-73.9662,68.86,77,100,3.13
74,Camacha,PT,2021-08-05 01:24:37,33.0833,-16.3333,70.56,83,75,18.41
75,Ca Mau,VN,2021-08-05 01:24:37,9.1769,105.15,81.93,83,100,10.89
76,Emba,KZ,2021-08-05 01:24:38,48.8264,58.1442,79.38,31,26,4.16
77,Sibolga,ID,2021-08-05 01:22:49,1.7427,98.7792,77.65,84,99,2.53
78,Klyuchi,RU,2021-08-05 01:24:38,52.2667,79.1667,64.18,66,13,8.01
79,Yulara,AU,2021-08-05 01:24:38,-25.2406,130.9889,57.04,38,0,14.97
80,Pemangkat,ID,2021-08-05 01:24:39,1.1667,108.9667,80.82,79,100,10.04
81,Mar Del Plata,AR,2021-08-05 01:20:48,-38.0023,-57.5575,52.09,27,0,8.01
82,Tasiilaq,GL,2021-08-05 01:23:38,65.6145,-37.6368,46.56,79,99,1.05
83,Victoria,HK,2021-08-05 01:22:28,22.2855,114.1577,84.16,90,100,5.99
84,Baghdad,IQ,2021-08-05 01:24:39,33.3406,44.4009,91.31,25,0,6.91
85,Minna,NG,2021-08-05 01:24:40,9.6139,6.5569,74.91,88,40,12.66
86,El Bagre,CO,2021-08-05 01:24:40,7.5927,-74.8086,76.08,89,100,0.11
87,Darhan,MN,2021-08-05 01:24:40,49.4867,105.9228,66.16,66,0,5.77
88,Mirador,BR,2021-08-05 01:24:41,-6.3708,-44.3631,74.57,42,100,4.72
89,Magistralnyy,RU,2021-08-05 01:24:41,56.1725,107.4458,57.69,90,100,4.16
90,Uyuni,BO,2021-08-05 01:24:42,-20.4597,-66.825,40.73,65,8,14.0
91,Berlevag,NO,2021-08-05 01:23:58,70.8578,29.0864,47.01,92,100,20.85
92,Tiksi,RU,2021-08-05 01:24:42,71.6872,128.8694,44.98,73,7,9.08
93,Sao Filipe,CV,2021-08-05 01:24:42,14.8961,-24.4956,77.22,89,100,2.46
94,Ketchikan,US,2021-08-05 01:24:43,55.3422,-131.6461,61.27,100,90,17.27
95,North Vanlaiphai,IN,2021-08-05 01:24:43,23.1333,93.0667,65.01,96,51,2.64
96,Bowen,AU,2021-08-05 01:24:43,-20.0167,148.2333,69.33,31,8,11.88
97,Kristinehamn,SE,2021-08-05 01:24:43,59.3098,14.1081,58.71,68,49,1.34
98,Waris Aliganj,IN,2021-08-05 01:24:44,25.0167,85.6333,80.49,83,100,2.59
99,Kirillov,RU,2021-08-05 01:24:44,59.863,38.3813,50.68,69,93,0.31
100,Eyl,SO,2021-08-05 01:23:46,7.9803,49.8164,77.83,72,9,23.47
101,Dabat,ET,2021-08-05 01:24:44,12.9842,37.765,52.7,97,100,3.49
102,Faanui,PF,2021-08-05 01:24:45,-16.4833,-151.75,79.77,71,66,14.56
103,Ostrovnoy,RU,2021-08-05 01:24:45,68.0531,39.5131,49.28,90,100,22.46
104,Kidal,ML,2021-08-05 01:24:45,18.4411,1.4078,94.87,31,60,6.24
105,Chenzhou,CN,2021-08-05 01:24:46,25.8,113.0333,79.02,95,100,2.62
106,Castro,BR,2021-08-05 01:23:12,-24.7911,-50.0119,46.49,97,33,5.95
107,Capitan Bado,PY,2021-08-05 01:24:46,-23.2667,-55.5333,56.93,54,100,7.78
108,Hasaki,JP,2021-08-05 01:23:13,35.7333,140.8333,91.29,72,0,5.5
109,Muroto,JP,2021-08-05 01:24:46,33.2833,134.15,84.24,77,0,7.83
110,Kedrovyy,RU,2021-08-05 01:24:47,56.1667,91.8167,63.01,96,89,2.06
111,Vieste,IT,2021-08-05 01:24:47,41.8825,16.175,82.9,52,84,8.59
112,Husavik,IS,2021-08-05 01:23:19,66.0449,-17.3389,51.71,85,90,3.49
113,Yar-Sale,RU,2021-08-05 01:24:48,66.8333,70.8333,62.76,68,64,3.8
114,Posse,BR,2021-08-05 01:24:08,-14.0931,-46.3694,66.29,40,20,7.96
115,Susanino,RU,2021-08-05 01:24:48,58.1461,41.5872,49.51,72,29,2.93
116,Kuytun,RU,2021-08-05 01:24:48,54.3419,101.5036,70.36,58,3,3.06
117,Port Hardy,CA,2021-08-05 01:24:49,50.6996,-127.4199,77.18,61,40,2.3
118,Pevek,RU,2021-08-05 01:24:11,69.7008,170.3133,43.16,84,71,18.37
119,Oktyabrskiy,RU,2021-08-05 01:24:49,54.4815,53.471,64.54,92,100,4.83
120,Spruce Grove,CA,2021-08-05 01:24:49,53.5334,-113.9187,85.96,37,1,1.01
121,Bengkulu,ID,2021-08-05 01:24:50,-3.8004,102.2655,76.64,86,100,2.98
122,Padang,ID,2021-08-05 01:24:44,-0.9492,100.3543,78.85,79,100,2.75
123,Ahipara,NZ,2021-08-05 01:24:50,-35.1667,173.1667,60.1,74,100,10.83
124,Karratha,AU,2021-08-05 01:24:50,-20.7377,116.8463,70.77,23,56,29.15
125,Bambous Virieux,MU,2021-08-05 01:24:51,-20.3428,57.7575,68.25,64,40,12.66
126,Laguna,US,2021-08-05 01:24:51,38.421,-121.4238,101.44,33,1,5.01
127,Baykit,RU,2021-08-05 01:23:51,61.67,96.37,73.22,51,67,3.09
128,Nuuk,GL,2021-08-05 01:20:22,64.1835,-51.7216,48.81,87,20,10.36
129,Guerrero Negro,MX,2021-08-05 01:24:52,27.9769,-114.0611,75.54,69,6,16.93
130,Narsaq,GL,2021-08-05 01:24:52,60.9167,-46.05,44.82,85,100,4.99
131,Beloha,MG,2021-08-05 01:24:52,-25.1667,45.05,61.45,71,0,10.0
132,Farafangana,MG,2021-08-05 01:24:53,-22.8167,47.8333,65.59,76,67,7.09
133,Lebu,CL,2021-08-05 01:23:41,-37.6167,-73.65,52.72,85,100,17.34
134,Nacala,MZ,2021-08-05 01:24:53,-14.5428,40.6728,66.43,92,0,5.26
135,Lavrentiya,RU,2021-08-05 01:23:37,65.5833,-171.0,60.71,72,12,20.33
136,Corpus Christi,US,2021-08-05 01:24:53,27.8006,-97.3964,86.83,82,90,5.99
137,Takoradi,GH,2021-08-05 01:24:54,4.8845,-1.7554,75.38,90,45,7.96
138,Alyangula,AU,2021-08-05 01:24:54,-13.8483,136.4192,76.87,47,52,12.66
139,Faya,SA,2021-08-05 01:24:54,18.3851,42.4509,64.51,71,64,4.79
140,Flinders,AU,2021-08-05 01:21:15,-34.5833,150.8552,65.17,51,28,8.01
141,Santa Isabel,BR,2021-08-05 01:24:55,-23.3156,-46.2214,56.66,95,36,2.91
142,Sitka,US,2021-08-05 01:23:44,57.0531,-135.33,62.49,88,90,8.05
143,Bethel,US,2021-08-05 01:23:49,41.3712,-73.414,68.72,86,100,3.76
144,Hami,CN,2021-08-05 01:24:55,42.8,93.45,88.99,11,57,5.48
145,Chimoio,MZ,2021-08-05 01:24:56,-19.1164,33.4833,52.86,89,0,2.26
146,Kyabe,TD,2021-08-05 01:24:56,9.4515,18.9449,72.46,92,100,3.06
147,Cockburn Town,TC,2021-08-05 01:24:56,21.4612,-71.1419,82.54,79,10,19.66
148,Lompoc,US,2021-08-05 01:23:57,34.6391,-120.4579,87.42,77,20,13.8
149,San Borja,BO,2021-08-05 01:24:57,-14.8167,-66.85,70.48,49,95,3.83
150,San Patricio,US,2021-08-05 01:24:57,28.017,-97.5169,86.72,71,86,8.3
151,Tuatapere,NZ,2021-08-05 01:24:57,-46.1333,167.6833,48.81,58,100,1.39
152,Hithadhoo,MV,2021-08-05 01:24:58,-0.6,73.0833,81.32,76,100,8.05
153,Swan Hill,AU,2021-08-05 01:24:58,-35.3378,143.5544,54.1,73,67,11.63
154,Georgetown,MY,2021-08-05 01:20:51,5.4112,100.3354,83.89,86,20,1.01
155,San Pedro,PH,2021-08-05 01:23:51,14.35,121.0167,89.31,72,87,16.67
156,Saldanha,ZA,2021-08-05 01:23:09,-33.0117,17.9442,46.45,94,28,6.26
157,Zyryanka,RU,2021-08-05 01:24:59,65.75,150.85,39.88,95,100,14.99
158,Matay,EG,2021-08-05 01:24:59,28.419,30.7792,87.67,21,0,5.1
159,Saint George,US,2021-08-05 01:24:59,37.1041,-113.5841,108.07,10,1,4.0
160,Aklavik,CA,2021-08-05 01:23:10,68.2191,-135.0107,68.83,34,0,13.09
161,Road Town,VG,2021-08-05 01:21:09,18.4167,-64.6167,82.2,78,92,17.25
162,Zheleznodorozhnyy,RU,2021-08-05 01:20:45,55.7503,38.0042,58.14,69,21,1.74
163,Kieta,PG,2021-08-05 01:25:00,-6.2167,155.6333,82.53,81,86,7.83
164,Hamina,FI,2021-08-05 01:25:00,60.5697,27.1979,52.88,59,86,1.83
165,Nicoya,CR,2021-08-05 01:25:00,10.1483,-85.452,78.35,88,100,2.93
166,Vavozh,RU,2021-08-05 01:25:01,56.7751,51.931,57.36,97,7,6.87
167,Funtua,NG,2021-08-05 01:25:01,11.5233,7.3081,70.25,91,93,7.29
168,Hamilton,US,2021-08-05 01:25:01,39.1834,-84.5333,74.59,68,90,0.0
169,Tromso,NO,2021-08-05 01:25:02,69.6496,18.957,52.45,87,75,11.5
170,Lerwick,GB,2021-08-05 01:25:03,60.1545,-1.1494,59.0,87,100,10.92
171,Coruripe,BR,2021-08-05 01:25:03,-10.1256,-36.1756,70.95,86,35,9.62
172,Ouegoa,NC,2021-08-05 01:25:03,-20.35,164.4333,72.41,65,99,2.06
173,Pacifica,US,2021-08-05 01:21:06,37.6138,-122.4869,82.38,84,75,3.0
174,Bilma,NE,2021-08-05 01:25:04,18.6853,12.9164,92.41,31,2,5.68
175,Baculin,PH,2021-08-05 01:25:04,7.4525,126.5842,86.25,69,96,8.25
176,Skagen,DK,2021-08-05 01:25:04,57.7209,10.5839,60.51,72,7,7.67
177,Riberalta,BO,2021-08-05 01:25:04,-10.9833,-66.1,74.55,43,6,2.35
178,Torbay,CA,2021-08-05 01:25:05,47.6666,-52.7314,64.67,73,40,17.27
179,Codrington,AU,2021-08-05 01:25:05,-38.2667,141.9667,54.52,84,100,13.22
180,Nishihara,JP,2021-08-05 01:25:05,26.1842,127.7558,80.26,97,75,12.66
181,Sarab,IR,2021-08-05 01:25:06,38.6066,44.9883,72.72,43,20,2.3
182,Kismayo,SO,2021-08-05 01:25:06,-0.3582,42.5454,75.54,77,30,15.37
183,Wanning,CN,2021-08-05 01:25:06,18.8003,110.3967,83.62,75,100,6.82
184,Carnarvon,AU,2021-08-05 01:25:07,-24.8667,113.6333,60.87,36,0,14.97
185,Svetlogorsk,BY,2021-08-05 01:25:07,52.6333,29.7333,59.43,96,97,6.69
186,Tabou,CI,2021-08-05 01:25:07,4.423,-7.3528,75.38,87,100,10.07
187,Vanderhoof,CA,2021-08-05 01:25:07,54.0166,-124.0198,85.57,29,74,3.69
188,Touros,BR,2021-08-05 01:24:08,-5.1989,-35.4608,74.3,83,73,14.16
189,Yellowknife,CA,2021-08-05 01:23:12,62.456,-114.3525,56.32,58,90,4.0
190,Taber,CA,2021-08-05 01:23:09,49.8167,-112.1518,80.42,51,100,13.8
191,Lamu,KE,2021-08-05 01:25:08,-2.2717,40.902,73.62,81,5,13.27
192,Elizabeth City,US,2021-08-05 01:25:08,36.2946,-76.2511,73.02,92,100,8.28
193,Mananjary,MG,2021-08-05 01:25:09,-21.2167,48.3333,66.18,80,98,5.06
194,Port Lincoln,AU,2021-08-05 01:23:52,-34.7333,135.8667,58.64,70,68,13.38
195,Akyab,MM,2021-08-05 01:24:12,20.15,92.9,77.34,96,100,13.27
196,Malinao,PH,2021-08-05 01:25:09,7.5917,124.6889,77.14,70,96,2.44
197,Ola,RU,2021-08-05 01:25:10,59.5833,151.2833,56.61,45,76,4.97
198,Beringovskiy,RU,2021-08-05 01:25:10,63.05,179.3167,48.83,91,100,28.16
199,Cherskiy,RU,2021-08-05 01:23:21,68.75,161.3,53.82,68,100,8.05
200,Salym,RU,2021-08-05 01:25:10,60.0625,71.4789,59.9,79,3,1.52
201,Chapais,CA,2021-08-05 01:25:11,49.7834,-74.8492,62.38,59,0,5.26
202,Huangmei,CN,2021-08-05 01:25:11,30.1924,116.025,86.29,72,32,7.11
203,Cabo San Lucas,MX,2021-08-05 01:25:07,22.8909,-109.9124,88.52,52,90,5.99
204,Bathsheba,BB,2021-08-05 01:25:11,13.2167,-59.5167,81.21,74,20,10.36
205,Crib Point,AU,2021-08-05 01:25:12,-38.35,145.2,57.11,86,100,14.61
206,West Bay,KY,2021-08-05 01:25:12,19.3667,-81.4167,84.27,81,20,3.44
207,Lagoa,PT,2021-08-05 01:23:58,39.05,-27.9833,71.91,91,0,11.65
208,Saint Anthony,US,2021-08-05 01:23:07,45.0205,-93.218,79.25,54,1,1.99
209,Buraydah,SA,2021-08-05 01:25:12,26.326,43.975,84.65,12,6,10.58
210,Anchorage,US,2021-08-05 01:25:13,61.2181,-149.9003,70.43,71,75,5.01
211,Antropovo,RU,2021-08-05 01:25:13,58.3988,43.0066,49.19,73,3,3.13
212,Valparaiso,CL,2021-08-05 01:22:14,-33.0393,-71.6273,54.52,85,90,3.44
213,Along,IN,2021-08-05 01:25:13,28.1667,94.7667,78.08,87,68,0.98
214,Nalut,LY,2021-08-05 01:25:14,30.3333,10.85,87.28,16,0,13.22
215,Krasnovishersk,RU,2021-08-05 01:25:14,60.4078,57.082,63.14,99,100,2.26
216,Cradock,ZA,2021-08-05 01:25:14,-32.1642,25.6192,53.17,65,35,1.66
217,Geraldton,AU,2021-08-05 01:23:50,-28.7667,114.6,54.01,71,0,8.05
218,Kaeo,NZ,2021-08-05 01:25:15,-35.1,173.7833,59.32,93,100,10.36
219,Thinadhoo,MV,2021-08-05 01:25:15,0.5333,72.9333,80.89,76,99,5.08
220,Provideniya,RU,2021-08-05 01:23:18,64.3833,-173.3,60.91,67,75,13.42
221,Severo-Kurilsk,RU,2021-08-05 01:25:15,50.6789,156.125,57.18,63,39,14.38
222,Conceicao Da Barra,BR,2021-08-05 01:25:16,-18.5933,-39.7322,70.34,72,100,10.11
223,Bonavista,CA,2021-08-05 01:25:16,48.6499,-53.1147,60.8,76,100,1.34
224,Mnogovershinnyy,RU,2021-08-05 01:23:24,53.9353,139.9242,55.0,88,100,4.25
225,Sur,OM,2021-08-05 01:24:02,22.5667,59.5289,91.4,53,100,5.95
226,Tandil,AR,2021-08-05 01:25:17,-37.3217,-59.1332,49.3,72,0,1.01
227,Sai Buri,TH,2021-08-05 01:25:17,6.7013,101.6168,82.11,74,100,8.1
228,Jiayuguan,CN,2021-08-05 01:25:17,39.8167,98.3,74.35,17,14,6.89
229,Coquimbo,CL,2021-08-05 01:23:16,-29.9533,-71.3436,53.33,87,20,6.91
230,Moussoro,TD,2021-08-05 01:25:18,13.6408,16.4901,85.32,62,100,8.32
231,Hovd,MN,2021-08-05 01:25:18,48.0056,91.6419,71.26,31,83,6.78
232,Bud,US,2021-08-05 01:25:18,39.447,-86.1758,73.98,67,3,3.71
233,La Reforma,MX,2021-08-05 01:25:19,25.0833,-108.05,88.09,65,30,8.55
234,Namibe,AO,2021-08-05 01:23:56,-15.1961,12.1522,67.37,70,5,4.38
235,Cabedelo,BR,2021-08-05 01:25:19,-6.9811,-34.8339,70.47,89,25,12.84
236,Qaanaaq,GL,2021-08-05 01:23:28,77.484,-69.3632,43.52,69,7,4.56
237,Bairiki,KI,2021-08-05 01:24:08,1.3292,172.9752,87.8,66,20,5.75
238,Ribeira Grande,PT,2021-08-05 01:23:25,38.5167,-28.7,72.75,89,0,6.22
239,Aberdeen,GB,2021-08-05 01:22:59,57.1437,-2.0981,58.21,89,100,3.44
240,Norman Wells,CA,2021-08-05 01:23:11,65.282,-126.8329,60.84,55,75,10.36
241,Gamba,GA,2021-08-05 01:20:30,-2.65,10.0,74.98,78,100,7.52
242,Impfondo,CG,2021-08-05 01:25:20,1.6381,18.0667,73.51,68,39,1.14
243,Piotrkow Trybunalski,PL,2021-08-05 01:25:20,51.4055,19.7032,59.18,10,100,5.77
244,La Primavera,CO,2021-08-05 01:25:21,5.4906,-70.4092,73.63,87,98,4.41
245,Abu Kamal,SY,2021-08-05 01:25:21,34.4506,40.9171,97.32,19,89,12.12
246,Maniitsoq,GL,2021-08-05 01:25:21,65.4167,-52.9,45.5,92,100,8.08
247,Nizwa,OM,2021-08-05 01:25:22,22.9333,57.5333,91.51,36,100,1.9
248,General Roca,AR,2021-08-05 01:25:22,-39.0333,-67.5833,48.6,35,6,15.68
249,Maksatikha,RU,2021-08-05 01:25:22,57.797,35.8825,50.88,76,12,1.19
250,Bonnyville,CA,2021-08-05 01:25:23,54.2668,-110.735,83.52,36,100,12.48
251,Astana,KZ,2021-08-05 01:22:27,51.1801,71.446,55.35,76,0,2.24
252,Ugoofaaru,MV,2021-08-05 01:21:15,5.6667,73.0,81.41,80,86,10.54
253,Zaragoza,ES,2021-08-05 01:23:03,41.6561,-0.8773,69.46,60,0,7.0
254,Longyearbyen,SJ,2021-08-05 01:23:54,78.2186,15.6401,40.84,93,75,5.75
255,Xining,CN,2021-08-05 01:25:23,36.6167,101.7667,61.56,61,100,1.97
256,Tessalit,ML,2021-08-05 01:25:24,20.1986,1.0114,93.25,30,11,11.1
257,Stromness,GB,2021-08-05 01:24:15,58.965,-3.296,57.45,90,100,6.8
258,Menomonie,US,2021-08-05 01:25:24,44.8755,-91.9193,78.82,60,100,6.91
259,Richards Bay,ZA,2021-08-05 01:25:24,-28.783,32.0377,60.55,81,0,9.01
260,Mersing,MY,2021-08-05 01:25:25,2.4312,103.8405,80.51,83,40,5.75
261,Ayni,TJ,2021-08-05 01:25:25,39.3941,68.5377,65.41,60,44,2.37
262,Teguldet,RU,2021-08-05 01:25:25,57.3064,88.1667,59.94,94,98,2.48
263,Port Elizabeth,ZA,2021-08-05 01:21:00,-33.918,25.5701,61.09,94,40,8.05
264,Sterling,US,2021-08-05 01:22:17,39.0062,-77.4286,74.41,66,20,4.61
265,Sola,VU,2021-08-05 01:25:26,-13.8833,167.55,77.22,77,56,8.12
266,Salinas,US,2021-08-05 01:25:26,36.6777,-121.6555,84.04,74,75,13.8
267,Leningradskiy,RU,2021-08-05 01:25:27,69.3833,178.4167,43.47,85,100,4.23
268,Ocampo,MX,2021-08-05 01:25:27,21.65,-101.5,59.77,88,100,4.79
269,Vao,NC,2021-08-05 01:25:27,-22.6667,167.4833,69.49,73,30,14.32
270,Morshyn,UA,2021-08-05 01:25:27,49.1565,23.8723,62.47,83,100,2.71
271,Omboue,GA,2021-08-05 01:25:28,-1.5746,9.2618,76.06,78,100,9.26
272,Phuket,TH,2021-08-05 01:25:28,8.0,98.25,84.09,89,40,11.5
273,Port Blair,IN,2021-08-05 01:23:45,11.6667,92.75,82.0,84,100,20.2
274,Miri,MY,2021-08-05 01:25:12,4.4148,114.0089,84.34,79,20,6.91
275,Lima,PE,2021-08-05 01:20:35,-12.0432,-77.0282,61.05,82,90,3.44
276,Mwanza,TZ,2021-08-05 01:25:29,-2.5167,32.9,69.91,63,0,8.32
277,Qaqortoq,GL,2021-08-05 01:25:29,60.7167,-46.0333,45.1,85,100,4.23
278,Bilibino,RU,2021-08-05 01:25:29,68.0546,166.4372,52.79,66,100,5.93
279,Namatanai,PG,2021-08-05 01:25:30,-3.6667,152.4333,84.33,72,45,4.83
280,Urumqi,CN,2021-08-05 01:22:37,43.801,87.6005,79.75,30,0,13.42
281,Zelenoborskiy,RU,2021-08-05 01:25:30,66.845,32.3622,45.88,80,100,10.07
282,Nanakuli,US,2021-08-05 01:25:30,21.3906,-158.1547,87.75,58,40,14.97
283,Castro Alves,BR,2021-08-05 01:24:30,-12.7656,-39.4283,62.98,96,100,5.73
284,Atar,MR,2021-08-05 01:23:12,20.5169,-13.0499,93.94,30,0,7.61
285,Owando,CG,2021-08-05 01:25:31,-0.4819,15.8999,73.2,46,6,3.44
286,Los Llanos De Aridane,ES,2021-08-05 01:23:23,28.6585,-17.9182,67.75,91,20,12.66
287,Amapa,BR,2021-08-05 01:24:13,1.0,-52.0,71.51,97,100,2.06
288,Lishui,CN,2021-08-05 01:25:31,28.4604,119.9103,78.06,97,100,1.45
289,Belmonte,BR,2021-08-05 01:25:32,-15.8631,-38.8828,68.5,84,100,12.15
290,Lasa,IT,2021-08-05 01:23:43,46.6166,10.7002,56.28,99,100,5.5
291,Praia Da Vitoria,PT,2021-08-05 01:24:12,38.7333,-27.0667,73.65,83,0,10.38
292,Puerto Princesa,PH,2021-08-05 01:20:34,9.7392,118.7353,85.78,64,59,3.15
293,Kiunga,PG,2021-08-05 01:25:32,-6.1219,141.2906,77.88,93,96,3.22
294,Kavieng,PG,2021-08-05 01:23:57,-2.5744,150.7967,83.32,72,20,4.29
295,Saint-Joseph,RE,2021-08-05 01:25:33,-21.3667,55.6167,64.76,78,57,15.39
296,Dubbo,AU,2021-08-05 01:25:33,-32.25,148.6167,55.53,71,75,14.97
297,Talaya,RU,2021-08-05 01:25:34,61.3833,152.75,42.76,60,100,14.63
298,Kaitangata,NZ,2021-08-05 01:24:08,-46.2817,169.8464,51.93,69,100,12.62
299,San Quintin,MX,2021-08-05 01:23:49,30.4833,-115.95,71.83,75,5,17.47
300,Avera,US,2021-08-05 01:25:34,33.194,-82.5271,78.67,66,6,4.79
301,Amga,RU,2021-08-05 01:25:34,60.8953,131.9608,76.05,36,97,2.68
302,Grindavik,IS,2021-08-05 01:25:35,63.8424,-22.4338,55.35,100,75,3.44
303,Cartagena,CO,2021-08-05 01:23:28,10.3997,-75.5144,83.82,84,40,9.22
304,Belozerskoye,RU,2021-08-05 01:25:35,55.8214,65.5842,63.61,82,65,4.76
305,Kavaratti,IN,2021-08-05 01:25:36,10.5669,72.642,82.11,78,100,19.84
306,Daru,PG,2021-08-05 01:25:36,-9.0763,143.2092,78.62,84,94,15.84
307,Lokosovo,RU,2021-08-05 01:23:33,61.1333,74.8167,60.13,92,100,3.83
308,Olafsvik,IS,2021-08-05 01:25:36,64.8945,-23.7142,54.1,84,98,2.89
309,Sao Joao Da Barra,BR,2021-08-05 01:25:37,-21.6403,-41.0511,64.65,84,13,9.55
310,Khatanga,RU,2021-08-05 01:23:41,71.9667,102.5,71.11,35,73,14.34
311,Lao Cai,VN,2021-08-05 01:25:37,22.4833,103.95,86.49,66,7,1.21
312,Kawalu,ID,2021-08-05 01:25:37,-7.3817,108.2082,74.97,91,86,1.5
313,Lorengau,PG,2021-08-05 01:25:23,-2.0226,147.2712,85.15,64,13,4.41
314,Labuhan,ID,2021-08-05 01:25:38,-6.8844,112.2051,80.38,76,12,5.39
315,Ulladulla,AU,2021-08-05 01:25:38,-35.35,150.4667,61.88,46,84,5.7
316,Rio Grande,BR,2021-08-05 01:22:23,-32.035,-52.0986,52.95,93,58,8.08
317,Khandyga,RU,2021-08-05 01:25:38,62.6667,135.6,74.79,28,15,4.81
318,Iqaluit,CA,2021-08-05 01:25:39,63.7506,-68.5145,44.33,87,20,3.0
319,Ilulissat,GL,2021-08-05 01:24:15,69.2167,-51.1,50.02,76,26,0.0
320,Luderitz,NA,2021-08-05 01:25:39,-26.6481,15.1594,55.53,82,23,4.43
321,Andapa,MG,2021-08-05 01:25:39,-14.65,49.65,59.41,89,82,2.39
322,Price,US,2021-08-05 01:25:40,39.5994,-110.8107,88.86,18,1,0.0
323,Sirjan,IR,2021-08-05 01:25:40,29.452,55.6814,77.05,33,75,2.1
324,Auki,SB,2021-08-05 01:25:40,-8.7676,160.7034,82.98,66,34,5.37
325,Makakilo City,US,2021-08-05 01:25:41,21.3469,-158.0858,86.32,57,40,14.97
326,Zhigansk,RU,2021-08-05 01:23:32,66.7697,123.3711,67.8,41,0,11.5
327,Ponca City,US,2021-08-05 01:25:41,36.707,-97.0856,82.36,57,1,4.61
328,Chalus,IR,2021-08-05 01:25:41,36.655,51.4204,76.46,83,40,2.3
329,Nyandoma,RU,2021-08-05 01:25:42,61.669,40.1991,44.01,88,5,3.36
330,Paamiut,GL,2021-08-05 01:25:42,61.994,-49.6678,44.26,94,100,8.41
331,Puerto Del Rosario,ES,2021-08-05 01:25:42,28.5004,-13.8627,71.35,78,37,17.27
332,Rincon,US,2021-08-05 01:24:28,32.296,-81.2354,77.45,86,75,4.61
333,Turukhansk,RU,2021-08-05 01:25:43,65.8167,87.9833,70.86,56,7,7.2
334,Umm Lajj,SA,2021-08-05 01:25:43,25.0213,37.2685,88.63,62,12,5.1
335,Gazli,UZ,2021-08-05 01:25:43,40.1333,63.45,85.12,19,4,11.65
336,Ouadda,CF,2021-08-05 01:25:44,8.0777,22.4007,66.69,95,4,1.34
337,Ponta Do Sol,PT,2021-08-05 01:23:34,32.6667,-17.1,74.03,79,1,3.2
338,Pitkyaranta,RU,2021-08-05 01:25:44,61.5734,31.4792,55.53,72,100,3.31
339,Kachug,RU,2021-08-05 01:25:44,53.9606,105.8817,70.56,55,4,3.11
340,Coihueco,CL,2021-08-05 01:22:19,-36.6167,-71.8333,50.74,100,90,9.22
341,Sakaiminato,JP,2021-08-05 01:25:45,35.55,133.2333,89.58,62,20,6.91
342,Charters Towers,AU,2021-08-05 01:25:45,-20.1,146.2667,66.47,24,5,15.97
343,Thaba-Tseka,LS,2021-08-05 01:25:46,-29.522,28.6084,37.49,52,0,2.95
344,Saint-Augustin,CA,2021-08-05 01:25:46,51.226,-58.6502,60.46,66,0,4.38
345,Tura,IN,2021-08-05 01:25:46,25.5198,90.2201,77.36,93,100,1.54
346,Verkhoyansk,RU,2021-08-05 01:25:46,67.5447,133.385,65.32,29,0,14.97
347,Cantaura,VE,2021-08-05 01:25:47,9.3057,-64.3584,74.23,80,55,1.59
348,Baker City,US,2021-08-05 01:25:47,44.7749,-117.8344,92.32,34,1,4.47
349,Henties Bay,NA,2021-08-05 01:25:48,-22.116,14.2845,55.85,85,14,6.11
350,Walvis Bay,NA,2021-08-05 01:23:55,-22.9575,14.5053,56.08,93,0,2.3
351,Ambilobe,MG,2021-08-05 01:25:48,-13.2,49.05,62.4,85,5,3.89
352,Kundiawa,PG,2021-08-05 01:23:10,-6.0167,144.9667,73.13,71,67,2.68
353,Margate,GB,2021-08-05 01:23:51,51.3813,1.3862,60.04,89,3,5.82
354,Talcahuano,CL,2021-08-05 01:25:48,-36.7167,-73.1167,51.48,87,90,11.5
355,Bonfim,BR,2021-08-05 01:25:49,3.0833,-59.95,76.39,83,12,0.94
356,Mahebourg,MU,2021-08-05 01:23:20,-20.4081,57.7,68.29,64,40,12.66
357,Lachi,PK,2021-08-05 01:25:49,33.3833,71.3386,79.34,78,72,1.61
358,Nome,US,2021-08-05 01:23:59,64.5011,-165.4064,76.15,60,40,16.11
359,Roald,NO,2021-08-05 01:25:50,62.5833,6.1333,57.33,82,100,8.05
360,Fortuna,US,2021-08-05 01:25:50,40.5982,-124.1573,64.85,85,1,9.22
361,Eureka,US,2021-08-05 01:25:50,40.8021,-124.1637,65.12,77,67,5.01
362,Bakchar,RU,2021-08-05 01:25:50,57.0186,82.0711,58.82,95,100,4.47
363,Bosaso,SO,2021-08-05 01:25:51,11.2842,49.1816,91.11,39,17,22.01
364,Marsa Matruh,EG,2021-08-05 01:25:51,31.3525,27.2453,77.2,94,0,5.75
365,Pingxiang,CN,2021-08-05 01:25:51,27.6167,113.85,82.2,85,95,5.68
366,Teguise,ES,2021-08-05 01:25:52,29.0605,-13.564,68.22,73,0,18.41
367,Sanming,CN,2021-08-05 01:25:52,26.2486,117.6186,78.46,97,100,4.12
368,Port Augusta,AU,2021-08-05 01:25:52,-32.5,137.7667,57.34,62,4,3.87
369,Mayumba,GA,2021-08-05 01:25:53,-3.432,10.6554,72.12,90,65,5.93
370,Korla,CN,2021-08-05 01:23:38,41.7597,86.1469,83.35,25,11,8.59
371,Jablah,SY,2021-08-05 01:25:53,35.3614,35.9256,75.49,60,0,2.3
372,Upernavik,GL,2021-08-05 01:23:15,72.7868,-56.1549,45.39,72,2,0.94
373,Lovozero,RU,2021-08-05 01:25:54,68.005,35.0117,44.53,91,100,21.47
374,Erenhot,CN,2021-08-05 01:25:54,43.6475,111.9767,69.1,46,7,6.51
375,Sorland,NO,2021-08-05 01:25:54,67.667,12.6934,53.33,89,100,16.42
376,Gazanjyk,TM,2021-08-05 01:25:55,39.2446,55.5154,82.27,38,37,7.61
377,Pisco,PE,2021-08-05 01:23:02,-13.7,-76.2167,62.65,88,90,5.75
378,Lebanon,US,2021-08-05 01:25:55,36.2081,-86.2911,77.05,67,1,3.44
379,Tadine,NC,2021-08-05 01:25:55,-21.55,167.8833,73.54,60,93,11.27
380,Vanimo,PG,2021-08-05 01:25:56,-2.6741,141.3028,86.04,63,8,2.91
381,Half Moon Bay,US,2021-08-05 01:25:56,37.4636,-122.4286,82.74,77,1,14.97
382,Tambun,ID,2021-08-05 01:25:56,-6.2641,107.0712,85.46,74,20,0.0
383,Salalah,OM,2021-08-05 01:25:57,17.0151,54.0924,78.89,94,75,5.75
384,Meulaboh,ID,2021-08-05 01:25:57,4.1363,96.1285,76.59,84,100,3.78
385,Doha,QA,2021-08-05 01:21:59,25.2867,51.5333,94.98,24,0,2.3
386,Awjilah,LY,2021-08-05 01:23:54,29.1081,21.2869,87.58,27,0,13.42
387,Terney,RU,2021-08-05 01:25:58,45.0503,136.6092,83.28,62,84,3.51
388,San Luis,AR,2021-08-05 01:21:27,-33.295,-66.3356,58.03,36,0,5.53
389,Khilok,RU,2021-08-05 01:25:58,51.3674,110.4676,66.16,58,11,8.21
390,Dire Dawa,ET,2021-08-05 01:25:58,9.5931,41.8661,71.02,65,100,18.07
391,Owatonna,US,2021-08-05 01:25:59,44.0839,-93.226,76.77,57,1,3.44
392,Tamiahua,MX,2021-08-05 01:25:59,21.2667,-97.45,83.12,77,100,7.34
393,Dunedin,NZ,2021-08-05 01:25:59,-45.8742,170.5036,49.8,68,100,15.01
394,Lock Haven,US,2021-08-05 01:26:00,41.137,-77.4469,72.09,81,88,2.17
395,Rocha,UY,2021-08-05 01:24:06,-34.4833,-54.3333,46.45,95,4,5.68
396,Kerema,PG,2021-08-05 01:26:00,-7.9631,145.7785,79.09,87,91,9.33
397,Zhangye,CN,2021-08-05 01:26:00,38.9342,100.4517,76.87,24,1,7.36
398,Tacuarembo,UY,2021-08-05 01:26:01,-31.7333,-55.9833,49.84,94,2,5.26
399,Vardo,NO,2021-08-05 01:23:22,70.3705,31.1107,47.8,84,100,25.68
400,Fort Nelson,CA,2021-08-05 01:26:01,58.8053,-122.7002,65.79,72,75,3.44
401,Komarichi,RU,2021-08-05 01:26:01,52.4151,34.7905,58.37,67,100,7.56
402,Wagga Wagga,AU,2021-08-05 01:26:02,-35.1167,147.3667,51.6,93,90,12.66
403,Kahului,US,2021-08-05 01:24:04,20.8947,-156.47,84.22,62,40,25.32
404,Jiutai,CN,2021-08-05 01:25:44,44.1525,125.8328,78.53,87,100,15.68
405,Privodino,RU,2021-08-05 01:26:02,61.0781,46.5044,48.51,86,1,3.91
406,Snezhnogorsk,RU,2021-08-05 01:26:02,69.1933,33.2531,46.18,86,100,24.58
407,Lata,PT,2021-08-05 01:26:03,40.1629,-8.3327,65.05,97,12,2.62
408,La Ronge,CA,2021-08-05 01:23:31,55.1001,-105.2842,64.65,72,90,4.61
409,Kailua,US,2021-08-05 01:24:13,21.4022,-157.7394,87.78,64,75,17.27
410,Hokitika,NZ,2021-08-05 01:26:03,-42.7167,170.9667,49.89,83,100,7.96
411,Olivet,FR,2021-08-05 01:26:04,47.8622,1.8991,62.35,100,90,5.75
412,Gambela,ET,2021-08-05 01:26:04,8.25,34.5833,71.15,85,87,3.8
413,Lar,IN,2021-08-05 01:26:04,26.2039,83.9717,82.83,79,100,3.42
414,Puerto Madryn,AR,2021-08-05 01:26:04,-42.7692,-65.0385,62.49,35,7,31.07
415,Kishi,NG,2021-08-05 01:26:05,9.0833,3.85,70.93,97,100,8.25
416,Mayor Pablo Lagerenza,PY,2021-08-05 01:26:05,-19.9309,-60.7718,67.51,32,100,4.34
417,Iquique,CL,2021-08-05 01:22:18,-20.2208,-70.1431,59.04,70,33,1.63
418,Sipe Sipe,BO,2021-08-05 01:23:10,-17.45,-66.3833,59.49,65,83,3.47
419,Pestravka,RU,2021-08-05 01:26:06,52.405,49.9583,64.53,91,1,9.22
420,Evanston,US,2021-08-05 01:26:06,42.0411,-87.6901,78.15,53,20,6.91
421,Ongole,IN,2021-08-05 01:26:06,15.5,80.05,83.16,64,100,15.95
422,Patiya,BD,2021-08-05 01:26:07,22.2931,91.9762,82.35,89,75,0.0
423,Sisimiut,GL,2021-08-05 01:26:07,66.9395,-53.6735,47.88,81,100,5.5
424,Parabel,RU,2021-08-05 01:26:07,58.6978,81.4825,61.59,84,100,6.67
425,Srivardhan,IN,2021-08-05 01:26:08,18.0333,73.0167,80.2,86,73,14.74
426,Marquette,US,2021-08-05 01:26:08,46.5333,-87.6335,76.44,79,92,0.47
427,Omsukchan,RU,2021-08-05 01:26:08,62.5333,155.8,34.65,91,100,8.7
428,Sulangan,PH,2021-08-05 01:26:09,11.1373,123.7228,84.27,70,100,11.3
429,Duekoue,CI,2021-08-05 01:26:09,6.7472,-7.3496,70.27,98,100,4.05
430,Brae,GB,2021-08-05 01:26:09,60.3964,-1.353,58.91,85,100,7.34
431,Ponta Delgada,PT,2021-08-05 01:26:09,37.7333,-25.6667,72.32,83,75,4.61
432,Alice Town,BS,2021-08-05 01:26:10,25.7167,-79.3,81.99,68,100,10.47
433,Terrace,CA,2021-08-05 01:26:10,54.5163,-128.6035,69.71,83,90,16.11
434,Feijo,BR,2021-08-05 01:26:10,-8.1642,-70.3536,73.63,48,5,2.28
435,Damietta,EG,2021-08-05 01:26:11,31.4165,31.8133,82.29,63,0,0.56
436,Visby,SE,2021-08-05 01:26:11,57.6409,18.296,52.02,100,4,4.61
437,Katsuura,JP,2021-08-05 01:23:22,35.1333,140.3,87.91,70,0,8.3
438,Lusambo,CD,2021-08-05 01:26:11,-4.9667,23.45,75.51,30,100,2.59
439,Belaya Gora,RU,2021-08-05 01:24:09,68.5333,146.4167,41.97,89,100,14.16
440,Kautokeino,NO,2021-08-05 01:26:12,69.0125,23.0412,45.66,80,97,6.46
441,Aksu,CN,2021-08-05 01:26:12,41.1231,80.2644,76.12,41,100,5.46
442,Voznesenye,RU,2021-08-05 01:26:13,61.0106,35.4781,51.84,76,11,9.04
443,Huarmey,PE,2021-08-05 01:26:13,-10.0681,-78.1522,65.28,85,6,6.67
444,Yuksekova,TR,2021-08-05 01:26:13,37.5736,44.2872,56.03,57,0,5.57
445,Puerto Escondido,MX,2021-08-05 01:26:13,15.85,-97.0667,83.23,69,75,0.0
446,Mumbwa,ZM,2021-08-05 01:26:14,-14.9783,27.0619,54.07,47,0,4.61
447,Nanortalik,GL,2021-08-05 01:23:26,60.1432,-45.2371,44.71,96,100,5.68
448,Kununurra,AU,2021-08-05 01:23:33,-15.7667,128.7333,75.18,19,99,16.11
449,Coihaique,CL,2021-08-05 01:23:49,-45.5752,-72.0662,31.95,93,0,1.14
450,Greenwood,US,2021-08-05 01:26:14,34.1668,-82.1165,74.8,80,75,3.44
451,Polunochnoye,RU,2021-08-05 01:24:04,60.8697,60.4153,62.08,98,89,2.93
452,Naze,JP,2021-08-05 01:26:15,28.3667,129.4833,83.32,86,19,21.25
453,Praya,CV,2021-08-05 01:24:27,14.9215,-23.5087,78.48,88,100,4.79
454,Muborak,UZ,2021-08-05 01:26:15,39.2553,65.1528,82.62,21,0,9.53
455,Broome,US,2021-08-05 01:26:15,42.2506,-75.833,67.66,74,15,3.0
456,Port Hedland,AU,2021-08-05 01:26:16,-20.3167,118.5667,69.85,32,40,23.02
457,Gravdal,NO,2021-08-05 01:26:16,68.1214,13.5031,51.98,93,100,14.34
458,Guisa,CU,2021-08-05 01:26:16,20.255,-76.5386,73.71,91,98,3.62
459,Mananara,MG,2021-08-05 01:26:17,-16.1667,49.7667,66.65,93,64,3.85
460,Umm Kaddadah,SD,2021-08-05 01:25:10,13.6017,26.6876,77.9,69,91,11.61
461,Zalesovo,RU,2021-08-05 01:26:17,53.9939,84.7431,59.86,91,87,3.02
462,North Bend,US,2021-08-05 01:26:17,43.4065,-124.2243,73.24,97,90,14.97
463,Vostochnyy,RU,2021-08-05 01:26:18,55.8167,37.8667,57.11,84,19,1.14
464,Vestmanna,FO,2021-08-05 01:23:24,62.1564,-7.1664,52.72,100,90,2.3
465,Soure,BR,2021-08-05 01:26:18,-0.7167,-48.5233,79.83,80,15,7.74
466,Napanee,CA,2021-08-05 01:26:18,44.2501,-76.9494,72.41,60,82,4.63
467,Gornopravdinsk,RU,2021-08-05 01:26:19,60.05,69.9,60.73,80,0,1.57
468,Shakawe,BW,2021-08-05 01:26:19,-18.3667,21.85,54.5,39,0,6.08
469,Tocopilla,CL,2021-08-05 01:26:19,-22.092,-70.1979,62.67,57,0,2.28
470,San Fernando,PH,2021-08-05 01:26:19,15.0286,120.6898,89.62,80,74,15.68
471,Chipata,ZM,2021-08-05 01:26:20,-13.6333,32.65,53.47,54,0,4.9
472,Tikrit,IQ,2021-08-05 01:26:20,34.6071,43.6782,94.26,22,0,7.23
473,Bata,GQ,2021-08-05 01:26:20,1.8639,9.7658,77.07,86,95,10.09
474,Selizharovo,RU,2021-08-05 01:26:21,56.8519,33.4487,55.33,83,100,3.69
475,Mtambile,TZ,2021-08-05 01:26:21,-5.3833,39.7,73.38,77,39,9.6
476,Kristiansund,NO,2021-08-05 01:26:21,63.1115,7.732,54.25,76,20,5.75
477,Chumikan,RU,2021-08-05 01:25:19,54.7183,135.315,52.27,98,100,10.22
478,Dingle,PH,2021-08-05 01:23:44,10.9995,122.6711,85.78,68,97,15.99
479,Virginia Beach,US,2021-08-05 01:23:23,36.8529,-75.978,72.01,86,100,18.92
480,Sapa,PH,2021-08-05 01:23:14,5.1544,120.3241,83.95,79,100,10.25
481,Clyde River,CA,2021-08-05 01:23:57,70.4692,-68.5914,37.63,93,90,6.91
482,Syasstroy,RU,2021-08-05 01:26:22,60.1367,32.5691,54.99,67,61,4.32
483,Bolshaya Martynovka,RU,2021-08-05 01:26:22,47.271,41.6679,67.46,59,0,7.34
484,Kuito,AO,2021-08-05 01:26:23,-12.3833,16.9333,54.25,39,0,3.22
485,Zhenhai,CN,2021-08-05 01:26:23,24.2582,118.0905,79.48,92,100,15.37
486,Alekseyevsk,RU,2021-08-05 01:26:23,57.8406,108.3492,60.24,95,96,2.95
487,Terrasini,IT,2021-08-05 01:26:24,38.146,13.0844,83.77,58,0,20.71
488,Yeniseysk,RU,2021-08-05 01:26:24,58.4497,92.1703,64.13,73,100,3.38
489,Port Loko,SL,2021-08-05 01:26:24,8.7667,-12.7833,71.49,99,100,2.44
490,Lumberton,US,2021-08-05 01:24:36,34.6182,-79.0086,75.09,91,99,3.02
491,Kropotkin,RU,2021-08-05 01:26:25,45.4375,40.5756,70.25,82,0,6.13
492,Inuvik,CA,2021-08-05 01:26:25,68.3499,-133.7218,68.86,49,20,3.44
493,Chicama,PE,2021-08-05 01:26:25,-7.8447,-79.1469,63.14,76,0,5.41
494,Kurumkan,RU,2021-08-05 01:26:26,54.3,110.3,68.27,58,21,2.48
495,Urucui,BR,2021-08-05 01:26:26,-7.2294,-44.5561,78.96,32,100,9.6
496,Leshukonskoye,RU,2021-08-05 01:26:26,64.8989,45.7622,49.87,77,92,7.83
497,Kazachinskoye,RU,2021-08-05 01:26:27,57.6953,93.2761,66.27,71,97,1.9
498,Wagar,SD,2021-08-05 01:26:27,16.1525,36.2032,80.19,72,100,19.35
499,Serra Talhada,BR,2021-08-05 01:26:27,-7.9919,-38.2983,70.12,72,98,15.99
500,Acapulco,MX,2021-08-05 01:26:28,16.8634,-99.8901,82.22,78,90,0.0
501,Yarada,IN,2021-08-05 01:26:28,17.65,83.2667,80.92,89,75,2.3
502,Yining,CN,2021-08-05 01:26:28,29.0361,114.5636,85.3,74,61,3.69
503,Mamakan,RU,2021-08-05 01:26:28,57.8161,114.0028,57.52,94,100,1.21
504,Sorrento,IT,2021-08-05 01:26:29,40.626,14.3744,80.1,89,0,6.91
505,Tazovskiy,RU,2021-08-05 01:26:29,67.4667,78.7,60.66,80,0,5.1
506,Ewo,CG,2021-08-05 01:26:29,-0.8725,14.8206,77.56,43,0,5.01
507,Kousseri,CM,2021-08-05 01:26:30,12.0769,15.0306,80.56,78,100,4.61
508,Sibiti,CG,2021-08-05 01:26:30,-3.6819,13.3499,67.17,88,5,1.9
509,Port Shepstone,ZA,2021-08-05 01:26:30,-30.7414,30.455,65.41,60,0,6.82
510,Yuzhno-Kurilsk,RU,2021-08-05 01:26:31,44.0306,145.8556,73.29,83,52,4.43
511,Naurskaya,RU,2021-08-05 01:26:31,43.6519,45.3133,76.14,55,99,10.2
512,Shimoda,JP,2021-08-05 01:26:31,34.6667,138.95,84.56,69,3,9.91
513,Santo Antonio Do Taua,BR,2021-08-05 01:26:32,-1.1519,-48.1294,80.55,90,25,4.45
514,Fairbanks,US,2021-08-05 01:22:43,64.8378,-147.7164,82.6,42,1,8.05
515,Providencia,MX,2021-08-05 01:26:32,28.7167,-111.5833,98.85,60,0,13.0
516,Ormara,PK,2021-08-05 01:26:32,25.2088,64.6357,81.07,80,96,8.59
517,Quarai,BR,2021-08-05 01:26:33,-30.3875,-56.4514,52.63,92,100,8.63
518,Lola,GN,2021-08-05 01:26:33,7.8,-8.5333,68.99,99,100,4.88
519,Ariquemes,BR,2021-08-05 01:26:33,-9.9133,-63.0408,75.27,42,0,2.15
520,Bytow,PL,2021-08-05 01:26:34,54.1706,17.4919,56.5,87,0,4.72
521,Ocos,GT,2021-08-05 01:26:34,14.5094,-92.1933,82.31,75,100,2.39
522,Tomatlan,MX,2021-08-05 01:26:34,19.9333,-105.25,80.26,91,100,3.11
523,Marshall,US,2021-08-05 01:26:11,34.3834,-86.3333,76.89,66,1,1.99
524,Colonelganj,IN,2021-08-05 01:26:35,27.1333,81.7,80.31,84,71,2.71
525,Totana,ES,2021-08-05 01:26:35,37.7688,-1.5023,76.46,33,3,4.29
526,Atikokan,CA,2021-08-05 01:26:35,48.7555,-91.6216,77.65,38,100,8.14
527,Palmer,US,2021-08-05 01:24:12,42.1584,-72.3287,68.92,77,75,0.0
528,Champerico,GT,2021-08-05 01:26:36,14.3,-91.9167,82.35,79,100,3.27
529,Livingston,GB,2021-08-05 01:26:36,55.9029,-3.5226,59.07,79,0,3.44
530,Mao,ES,2021-08-05 01:26:36,39.8885,4.2658,73.96,88,20,8.05
531,Neuquen,AR,2021-08-05 01:26:37,-38.9516,-68.0591,48.09,71,0,0.0
532,Axim,GH,2021-08-05 01:26:37,4.8699,-2.2405,75.67,88,42,7.72
533,Nhulunbuy,AU,2021-08-05 01:25:36,-12.2333,136.7667,79.41,53,20,24.16
534,Troy,US,2021-08-05 01:26:37,42.6056,-83.1499,76.64,69,21,5.5
535,Kamen-Rybolov,RU,2021-08-05 01:26:38,44.7481,132.0403,84.65,52,13,9.86
536,Itarema,BR,2021-08-05 01:26:38,-2.9248,-39.9167,79.63,78,97,13.94
537,Madimba,TZ,2021-08-05 01:26:38,-10.4,40.3333,69.57,87,4,5.35
538,Souillac,MU,2021-08-05 01:23:32,-20.5167,57.5167,68.38,64,40,12.66
539,Kloulklubed,PW,2021-08-05 01:26:39,7.0419,134.2556,86.5,71,77,7.11
540,Kalianget,ID,2021-08-05 01:26:39,-7.05,113.9333,82.53,70,68,12.26
541,Bulgan,MN,2021-08-05 01:25:33,48.8125,103.5347,63.36,65,9,3.51
542,Vestmannaeyjar,IS,2021-08-05 01:26:39,63.4427,-20.2734,55.4,86,99,9.82
543,Peleduy,RU,2021-08-05 01:26:40,59.6289,112.7406,64.31,78,100,3.78
544,Roura,GF,2021-08-05 01:26:40,4.7263,-52.3274,76.96,100,0,0.0
545,Danilovka,RU,2021-08-05 01:26:40,50.3557,44.1168,64.44,73,73,5.84
546,Inhambane,MZ,2021-08-05 01:26:41,-23.865,35.3833,63.48,73,0,3.29
547,Anzhero-Sudzhensk,RU,2021-08-05 01:26:41,56.081,86.0285,56.86,92,86,1.97
548,Birao,CF,2021-08-05 01:26:41,10.2849,22.7882,71.28,95,98,2.68
549,Luganville,VU,2021-08-05 01:26:42,-15.5333,167.1667,80.46,63,97,7.47
550,Sri Aman,MY,2021-08-05 01:26:42,1.2376,111.4621,78.85,89,20,3.44
551,Emerald,AU,2021-08-05 01:26:35,-23.5333,148.1667,64.35,34,0,14.97
552,Werder,DE,2021-08-05 01:26:42,52.3787,12.934,62.2,90,36,5.57
553,Sucua,EC,2021-08-05 01:26:43,-2.4667,-78.1667,64.65,86,42,3.4
554,Vila,PT,2021-08-05 01:26:43,42.0304,-8.1588,53.74,92,0,2.08
555,Sioux Lookout,CA,2021-08-05 01:26:43,50.1001,-91.917,77.07,53,90,5.75
556,Grand Gaube,MU,2021-08-05 01:26:44,-20.0064,57.6608,68.4,66,81,21.99
557,Union,US,2021-08-05 01:26:44,40.6334,-74.2663,71.98,77,90,0.0
558,Cabra,ES,2021-08-05 01:26:44,37.4725,-4.4421,75.9,55,6,0.45
559,Mocuba,MZ,2021-08-05 01:26:44,-16.8392,36.9856,60.69,85,0,2.13
560,Oranjestad,AW,2021-08-05 01:22:55,12.524,-70.027,82.35,78,0,18.41
561,Bereda,ES,2021-08-05 01:26:45,43.2686,-7.5406,61.92,100,67,3.15
562,Tommot,RU,2021-08-05 01:26:45,58.9564,126.2925,67.82,70,100,6.71
563,Port-Gentil,GA,2021-08-05 01:26:45,-0.7193,8.7815,77.45,79,86,12.39
564,Batemans Bay,AU,2021-08-05 01:23:59,-35.7167,150.1833,65.1,40,26,6.17
565,Hualmay,PE,2021-08-05 01:26:46,-11.0964,-77.6139,64.69,84,91,7.09
566,Caucaia,BR,2021-08-05 01:26:46,-3.7361,-38.6531,80.55,76,75,11.5
567,Kodinsk,RU,2021-08-05 01:26:46,58.6881,99.1844,71.02,54,100,2.82
568,Keetmanshoop,NA,2021-08-05 01:26:47,-26.5833,18.1333,54.52,32,5,1.14
569,Butembo,CD,2021-08-05 01:26:47,0.15,29.2833,57.09,93,14,3.0
570,Srednekolymsk,RU,2021-08-05 01:26:47,67.45,153.6833,44.76,81,100,6.24
571,Monterey,US,2021-08-05 01:26:48,36.2505,-121.2516,77.85,25,0,14.81
572,Biak,ID,2021-08-05 01:23:31,-0.9131,122.8766,80.47,72,84,5.55
573,Carutapera,BR,2021-08-05 01:26:48,-1.195,-46.02,75.61,89,64,5.84
574,Coahuayana,MX,2021-08-05 01:25:20,18.7333,-103.6833,81.88,83,100,1.32
575,Huron,US,2021-08-05 01:26:48,41.1501,-82.5499,72.72,82,0,2.98
576,Villazon,BO,2021-08-05 01:26:49,-22.0866,-65.5942,40.15,80,2,9.86
577,Synya,RU,2021-08-05 01:26:49,65.3718,58.0387,61.86,97,99,3.22
578,Sopelana,ES,2021-08-05 01:26:49,43.3789,-2.9831,66.09,82,40,1.01
579,Kyzyl-Suu,KG,2021-08-05 01:26:50,42.3414,78.0056,62.31,53,2,4.16
580,Hare Bay,CA,2021-08-05 01:26:50,48.8499,-54.0148,65.55,72,100,2.28
581,Anderson,US,2021-08-05 01:26:50,34.5334,-82.6499,74.79,82,75,1.99
582,Tukrah,LY,2021-08-05 01:26:51,32.5341,20.5791,82.26,67,0,9.13
583,Yeppoon,AU,2021-08-05 01:26:51,-23.1333,150.7333,64.18,36,0,11.79
